"Fcilty_nam","Street_add","Locality","Postcode","Hrs_of_bus","Wheelchair","Display_wd","Fcilty_typ_2","Xcoord","Ycoord"
"Helsinki Aluetoimisto","Siltasaarenkatu 4","Helsinki","00530","09:00-17:00 Monday to Friday, excluding Public Holidays","YES","1.5","http://www.medicareaustralia.gov.au/public/claims/offices.jsp","60.177532","24.949783"
"Turku Aluetoimisto","Maariankatu 6 b","Turku","20100","09:00-17:00 Monday to Friday, excluding Public Holidays","YES","1.5","http://www.medicareaustralia.gov.au/public/claims/offices.jsp","60.2143772", "22.29869"
"Tampere Aluetoimisto","Aleksanterinkatu 20 C","Tampere","33100","09:00-16:30  Monday to Friday, excluding Public Holidays","YES","1.5","http://www.medicareaustralia.gov.au/public/claims/offices.jsp","61.4990731","23.7659127"
"Lahti Aluetoimisto","Vuorikatu 20 ","Lahti","15110 ","09:00-17:00 Monday to Friday, excluding Public Holidays","YES","1.5","http://www.medicareaustralia.gov.au/public/claims/offices.jsp","61.5037658","23.7679259"
"Kuopio Aluetoimisto","Haapaniemenkatu 21 B 21","Kuopio","70110","09:00-16:30  Monday to Friday, excluding Public Holidays","YES","1.5","http://www.medicareaustralia.gov.au/public/claims/offices.jsp","62.8946017","27.6745189"
"Vaasa Aluetoimisto","Pitkäkatu 43","Vaasa","65100","09:00-16:30  Monday to Friday, excluding Public Holidays","YES","1.5","http://www.medicareaustralia.gov.au/public/claims/offices.jsp","149.83988800","-36.67403300"
"Oulu Aluetoimisto","Rautatienkatu 16","Oulu","90100","09:00-16:30  Monday to Friday, excluding Public Holidays","YES","1.5","http://www.medicareaustralia.gov.au/public/claims/offices.jsp","149.83988800","-36.67403300"
